가격표출력,,,,,,
,,,,,,
,,,,,,
No,PLU코드,상품명,출력여부,대분류,중분류,소분류
1,1500000116859,대정)소시지나폴리탄파스타2편(사전예약))종료),미출력,즉석식,간편조리FF,조리면
2,1500000116866,대정)돈까스&아라비아따파스타2편(사전예약),미출력,즉석식,간편조리FF,조리면
3,1500000120252,대정)서울시스터즈_얼큰김치햄라면2편(사전예약),미출력,즉석식,간편조리FF,조리면
4,1500000123888,대정)검은새치_블랙페퍼치킨새우강정2편(사전예약),미출력,즉석식,간편조리FF,간식/안주
5,1500000123895,대정)검은사리_오징어먹물파스타2편(사전예약),미출력,즉석식,간편조리FF,조리면
6,1500000142513,대정)던파_속닭속닭갈비맛닭강정2편(사전예약),미출력,즉석식,간편조리FF,간식/안주
7,1500000162856,대정)드빌_떡만둣국2편(사전예약),미출력,즉석식,간편조리FF,조리면
8,1500000165727,대정)예스24_돈까스&치즈토마토파스타(사전예약),미출력,즉석식,간편조리FF,조리면
9,1500000167455,대정)연참_마라닭갈비파스타2편 (사전예약),미출력,즉석식,간편조리FF,조리면
10,1500000170264,세아)순살치킨파티팩반할만하닭450g (사전예약),미출력,즉석식,간편조리FF,간식/안주
11,1500000174996,대정)뉴반반고구마닭강정2편_속초식&갈비맛,미출력,즉석식,간편조리FF,간식/안주
12,1500000175009,대정)매콤달콤속초식닭강정2편,미출력,즉석식,간편조리FF,간식/안주
13,1500000175016,대정)속닭속닭갈비맛닭강정2편,미출력,즉석식,간편조리FF,간식/안주
14,1500000177744,이더리움)함박스테이킹파스타380g (사전예약),미출력,즉석식,간편조리FF,조리면
15,1500000178734,대정)티맵청양_야끼짬뽕247g (사전예약),미출력,즉석식,간편조리FF,조리면
16,1500000181178,대정)오징어먹물크림파스타(사전예약),미출력,즉석식,간편조리FF,조리면
17,1500000182236,대정)모마_떡만둣국&모듬전세트(사전예약),미출력,즉석식,간편조리FF,조리면
18,1500000182571,대정)상상_2900짜장면2편(사전예약),미출력,즉석식,간편조리FF,조리면
19,1500000187538,대정)최현석_단호박크림뇨끼(사전예약),미출력,즉석식,간편조리FF,조리면
20,1500000187545,대정)여경래_깐풍기&깐풍만두,미출력,즉석식,간편조리FF,간식/안주
21,1500000190293,대정)오스틴강_갓장아찌동치미국수 (사전예약),미출력,즉석식,간편조리FF,조리면
22,1500000193041,대정)스테이씨_닭가슴살메밀면볼 (사전예약),미출력,즉석식,샐러드,즉석샐러드
23,1500000193058,맘마미아)그리스식그린샐러드 (사전예약),미출력,즉석식,샐러드,즉석샐러드
24,1500000194208,대정)썸머문_리본로제파스타2편(사전예약),미출력,즉석식,간편조리FF,조리면
25,1500000201326,대정)오스틴강_웜플래터2편(사전예약),미출력,즉석식,간편조리FF,간식/안주
26,1500000201333,대정)오스틴강_콜드플래터2편(사전예약),미출력,즉석식,간편조리FF,간식/안주
27,1500000201739,대정)말차_크림파스타2편(사전예약),미출력,즉석식,간편조리FF,조리면
28,1500000205010,세아)크레이지치즈_디핑매콤닭강정2편(사전예약),미출력,즉석식,간편조리FF,간식/안주
29,1500000206130,SF)박은영_여신마라샹궈2편(사전예약),미출력,즉석식,간편조리FF,간식/안주
30,1500000208011,대정)들기름막국수&참치마요김밥2편(사전예약),미출력,즉석식,간편조리FF,조리면
31,2500000150265,한솔)버섯된장찌개,미출력,즉석식,간편조리FF,간식/안주
32,2507281035557,SF)패밀리샐러드350g,미출력,즉석식,샐러드,즉석샐러드
33,8800281965997,SF)중화일품양장피2편,미출력,즉석식,간편조리FF,간식/안주
34,8800281966901,SF)여경래_향라치킨&감자튀김2편,미출력,즉석식,간편조리FF,간식/안주
35,8800281966949,SF)도쿄식계란말이&닭구이2편,미출력,즉석식,간편조리FF,간식/안주
36,8800281966956,SF)중화일품팔보채2편,미출력,즉석식,간편조리FF,간식/안주
37,8800281967281,SF)단호박리코타샐러드2편,미출력,즉석식,샐러드,즉석샐러드
38,8800281967489,SF)트릭컬_바질펜네파스타2편,미출력,즉석식,간편조리FF,조리면
39,8800281967540,SF)이탈리아식라구미트파스타2편,미출력,즉석식,간편조리FF,조리면
40,8800281967991,SF)반숙란닭가슴살샐러드2편,미출력,즉석식,샐러드,즉석샐러드
41,8800281968202,SF)쉬림프에그샐러드2편,미출력,즉석식,샐러드,즉석샐러드
42,8800281968639,SF)박은영_여신마라샹궈2편,미출력,즉석식,간편조리FF,간식/안주
43,8800348940516,SF)박은영_여신양장피2편,미출력,즉석식,간편조리FF,간식/안주
44,8801068114065,삼립)PIG치킨시저볼샐러드2편,미출력,즉석식,샐러드,즉석샐러드
45,8801068114072,삼립)PIG콥볼샐러드2편,미출력,즉석식,샐러드,즉석샐러드
46,8801068368901,샌드팜)콘치즈치킨그라탕2편,미출력,즉석식,간편조리FF,간식/안주
47,8801068370423,삼립)큐브스테이크 볼샐러드2편,미출력,즉석식,샐러드,즉석샐러드
48,8801068371857,삼립)치킨찹찹샐러드2편,미출력,즉석식,샐러드,즉석샐러드
49,8801068371864,삼립)퀴노아바질샐러드2편,미출력,즉석식,샐러드,즉석샐러드
50,8801068373936,삼립)베리앤리코타 미니샐러드2편,미출력,즉석식,샐러드,즉석샐러드
51,8801068378887,삼립)에그먼저닭미니샐러드2편,미출력,즉석식,샐러드,즉석샐러드
52,8801068382488,삼립)잠발라야치킨미니샐러드2편,미출력,즉석식,샐러드,즉석샐러드
53,8801068382730,삼립)X마스볼샐러드2편,미출력,즉석식,샐러드,즉석샐러드
54,8801068382747,삼립)리코타스노우맨볼샐러드2편,미출력,즉석식,샐러드,즉석샐러드
55,8801068383393,삼립)딥치즈&포테이토미니샐러드,미출력,즉석식,샐러드,즉석샐러드
56,8801068383409,삼립)딥치즈&치킨미니샐러드,미출력,즉석식,샐러드,즉석샐러드
57,8801068384796,삼립)견과&스틱야채샐러드2편,미출력,즉석식,샐러드,즉석샐러드
58,8801068393613,삼립)로스트비프볼샐러드2편,미출력,즉석식,샐러드,즉석샐러드
59,8801068393620,삼립)불고기누들볼샐러드2편,미출력,즉석식,샐러드,즉석샐러드
60,8801068393637,삼립)그릴치킨아몬드볼샐러드2편,미출력,즉석식,샐러드,즉석샐러드
61,8801068396027,삼립)로제치킨미니샐러드2편,미출력,즉석식,샐러드,즉석샐러드
62,8801068397178,삼립)프로틴스파이시치킨볼샐러드2편,미출력,즉석식,샐러드,즉석샐러드
63,8801068397185,삼립)프로틴허브치킨에그볼샐러드2편,미출력,즉석식,샐러드,즉석샐러드
64,8801068400427,삼립)프로틴두부텐더볼샐러드2편,미출력,즉석식,샐러드,즉석샐러드
65,8801068400434,삼립)프로틴콩단백숯불구이볼샐러드2편,미출력,즉석식,샐러드,즉석샐러드
66,8801068401059,삼립)갈릭감바스미니샐러드2편,미출력,즉석식,샐러드,즉석샐러드
67,8801068401066,삼립)갈릭페퍼치킨미니샐러드2편,미출력,즉석식,샐러드,즉석샐러드
68,8801068402841,삼립)탄단지허브치킨볼샐러드2편,미출력,즉석식,샐러드,즉석샐러드
69,8801068402858,삼립)탄단지핫치킨텐더볼샐러드2편,미출력,즉석식,샐러드,즉석샐러드
70,8801068402865,삼립)탄단지훈제목살볼샐러드2편,미출력,즉석식,샐러드,즉석샐러드
71,8801068402872,삼립)탄단지그릴닭가슴살볼샐러드2편,미출력,즉석식,샐러드,즉석샐러드
72,8801068402919,삼립)스프링리코타미니샐러드2편,미출력,즉석식,샐러드,즉석샐러드
73,8801068406009,삼립)모짜펄닭가슴살미니샐러드2편,미출력,즉석식,샐러드,즉석샐러드
74,8801068406016,삼립)모짜펄목살바베큐미니샐러드2편,미출력,즉석식,샐러드,즉석샐러드
75,8801068406474,삼립)탄단지참깨소불고기볼샐러드2편,미출력,즉석식,샐러드,즉석샐러드
76,8801068406498,삼립)탄단지닭가슴살바베큐볼샐러드2편,미출력,즉석식,샐러드,즉석샐러드
77,8801068406504,삼립)탄단지고구마에그치즈볼샐러드2편,미출력,즉석식,샐러드,즉석샐러드
78,8801068408713,삼립)인절미콩떡콩떡미니샐러드2편,미출력,즉석식,샐러드,즉석샐러드
79,8801068408720,삼립)토끼는당근당근미니샐러드2편,미출력,즉석식,샐러드,즉석샐러드
80,8801068408751,삼립)탄단지밀박스_닭가슴살라이스2편,미출력,즉석식,샐러드,즉석샐러드
81,8801068408768,삼립)탄단지밀박스_로제텐더2편,미출력,즉석식,샐러드,즉석샐러드
82,8801068913101,삼립)콜라겐치킨텐더미니샐러드2편,미출력,즉석식,샐러드,즉석샐러드
83,8801068913118,삼립)콜라겐닭가슴살베리미니샐러드2편,미출력,즉석식,샐러드,즉석샐러드
84,8801068913125,삼립)콜라겐토마토치즈미니샐러드2편,미출력,즉석식,샐러드,즉석샐러드
85,8801068913972,삼립)탄단지허브닭다리살볼샐러드2편,미출력,즉석식,샐러드,즉석샐러드
86,8801068914009,삼립)탄단지바베큐폭찹볼샐러드2편,미출력,즉석식,샐러드,즉석샐러드
87,8801068914030,삼립)탄단지안심치킨볼샐러드2편,미출력,즉석식,샐러드,즉석샐러드
88,8801068914061,삼립)탄단지모짜치킨볼샐러드2편,미출력,즉석식,샐러드,즉석샐러드
89,8801068914962,삼립)갈릭치킨누들샐러드2편,미출력,즉석식,샐러드,즉석샐러드
90,8801068914986,삼립)바질치킨누들샐러드2편,미출력,즉석식,샐러드,즉석샐러드
91,8801068915976,삼립)퀴노아바베큐치킨미니샐러드2편,미출력,즉석식,샐러드,즉석샐러드
92,8801068915990,삼립)오트메추리알미니샐러드2편,미출력,즉석식,샐러드,즉석샐러드
93,8801068916720,삼립)NEW치킨찹찹미니샐러드2편,미출력,즉석식,샐러드,즉석샐러드
94,8801068916737,삼립)NEW에그가먼저닭미니샐러드2편,미출력,즉석식,샐러드,즉석샐러드
95,8801068916744,삼립)NEW퀴노아오트미니샐러드2편,미출력,즉석식,샐러드,즉석샐러드
96,8801068916751,삼립)NEW흑임자치킨미니샐러드2편,미출력,즉석식,샐러드,즉석샐러드
97,8801068917147,삼립)탄단지멕시코식치킨&나초볼2편,미출력,즉석식,샐러드,즉석샐러드
98,8801068917154,삼립)탄단지일본식데리야끼치킨볼2편,미출력,즉석식,샐러드,즉석샐러드
99,8801068917161,삼립)탄단지독일식포크플래터볼2편,미출력,즉석식,샐러드,즉석샐러드
100,8801068917178,삼립)탄단지인도식치킨마크니볼2편,미출력,즉석식,샐러드,즉석샐러드
101,8801068918595,삼립)로제치킨누들샐러드157g,미출력,즉석식,샐러드,즉석샐러드
102,8801068918601,삼립)쉬림프알리오올리오누들샐러드188g,미출력,즉석식,샐러드,즉석샐러드
103,8801068919165,삼립)두부계란미니샐러드131g,미출력,즉석식,샐러드,즉석샐러드
104,8801068919172,삼립)리코타뮤즐리미니샐러드131g,미출력,즉석식,샐러드,즉석샐러드
105,8801068919189,삼립)고구마허브치킨미니샐러드133g,미출력,즉석식,샐러드,즉석샐러드
106,8801068919752,삼립)스노우바질파스타샐러드188g,미출력,즉석식,샐러드,즉석샐러드
107,8801068919769,삼립)눈꽃토마토파스타샐러드215g,미출력,즉석식,샐러드,즉석샐러드
108,8801068920178,삼립)로제크림치킨밀박스237g,미출력,즉석식,샐러드,즉석샐러드
109,8801068920185,삼립)볼로네즈포크밀박스264g,미출력,즉석식,샐러드,즉석샐러드
110,8801068920994,삼립)갓성비통곡물샐러드133g,미출력,즉석식,샐러드,즉석샐러드
111,8801068921007,삼립)갓성비고구마샐러드142g,미출력,즉석식,샐러드,즉석샐러드
112,8801068921359,삼립)MBTI누룽지치킨샐러드130g,미출력,즉석식,샐러드,즉석샐러드
113,8801068921366,삼립)MBTI밸런스샐러드151g,미출력,즉석식,샐러드,즉석샐러드
114,8801068921373,삼립)MBTI당근라페샐러드150g,미출력,즉석식,샐러드,즉석샐러드
115,8801068921380,삼립)MBTI치킨텐더샐러드147g,미출력,즉석식,샐러드,즉석샐러드
116,8801068922448,삼립)꽃맛살마카로니콤보샐러드166g,미출력,즉석식,샐러드,즉석샐러드
117,8801068922455,삼립)에그마요콤보샐러드166g,미출력,즉석식,샐러드,즉석샐러드
118,8801068922714,삼립)오리엔탈파스타샐러드187g,미출력,즉석식,샐러드,즉석샐러드
119,8801068922721,삼립)로제치즈파스타샐러드202g,미출력,즉석식,샐러드,즉석샐러드
120,8801068922875,삼립)베리&베리샐러드125g,미출력,즉석식,샐러드,즉석샐러드
121,8801068922882,삼립)오렌지&망고샐러드120g,미출력,즉석식,샐러드,즉석샐러드
122,8801068922899,삼립)애플&살구샐러드130g,미출력,즉석식,샐러드,즉석샐러드
123,8801068924145,삼립)블루베리베이글샐러드141g,미출력,즉석식,샐러드,즉석샐러드
124,8801068924152,삼립)크림치즈베이글샐러드141g,미출력,즉석식,샐러드,즉석샐러드
125,8801068924978,삼립)밸런스핏탄단식샐러드183g,미출력,즉석식,샐러드,즉석샐러드
126,8801068924992,삼립)밸런스핏그린샐러드160g,미출력,즉석식,샐러드,즉석샐러드
127,8801068925005,삼립)밸런스핏프로틴샐러드158g,미출력,즉석식,샐러드,즉석샐러드
128,8801068926156,삼립)120칼로리펌킨치즈샐러드136g,미출력,즉석식,샐러드,즉석샐러드
129,8801068926163,삼립)110칼로리치킨샐러드121g,미출력,즉석식,샐러드,즉석샐러드
130,8801068926170,삼립)80칼로리고구마맛살샐러드138g,미출력,즉석식,샐러드,즉석샐러드
131,8801068927535,삼립)불고기파스타샐러드201g,미출력,즉석식,샐러드,즉석샐러드
132,8801068927542,삼립)나폴리탄파스타샐러드202g,미출력,즉석식,샐러드,즉석샐러드
133,8801068928723,삼립)모짜렐라리스샐러드127g,미출력,즉석식,샐러드,즉석샐러드
134,8801068928730,삼립)통닭가슴살고구마샐러드191g,미출력,즉석식,샐러드,즉석샐러드
135,8801068928747,삼립)통닭가슴살견과류샐러드178g,미출력,즉석식,샐러드,즉석샐러드
136,8801068929331,삼립)로우핏두부텐더샐러드105g,미출력,즉석식,샐러드,즉석샐러드
137,8801068929348,삼립)로우핏콩불구이샐러드111g,미출력,즉석식,샐러드,즉석샐러드
138,8801068929355,삼립)로우핏훈제치킨샐러드116g,미출력,즉석식,샐러드,즉석샐러드
139,8801068930276,삼립)와우에그샐러드123g,미출력,즉석식,샐러드,즉석샐러드
140,8801068930283,삼립)와우텐더치킨샐러드121g,미출력,즉석식,샐러드,즉석샐러드
141,8801068931501,삼립)브레스트콤보샐러드118g,미출력,즉석식,샐러드,즉석샐러드
142,8801068931518,삼립)크랜베리콤보샐러드137g,미출력,즉석식,샐러드,즉석샐러드
143,8801068932454,삼립)그레인치킨샐러드170g(2편),미출력,즉석식,샐러드,즉석샐러드
144,8801068932461,삼립)그레인불고기샐러드170g(2편),미출력,즉석식,샐러드,즉석샐러드
145,8801068932874,삼립)닭가슴살메밀면샐러드176g,미출력,즉석식,샐러드,즉석샐러드
146,8801068932881,삼립)불고기메밀면샐러드175g,미출력,즉석식,샐러드,즉석샐러드
147,8801068933895,삼립)디너프로틴치킨샐러드113g,미출력,즉석식,샐러드,즉석샐러드
148,8801068933901,삼립)런치스모키포크샐러드120g,미출력,즉석식,샐러드,즉석샐러드
149,8801068933918,삼립)모닝리코타요거샐러드110g,미출력,즉석식,샐러드,즉석샐러드
150,8801068934526,삼립)초계비빔샐러드128g(2편),미출력,즉석식,샐러드,즉석샐러드
151,8801068934533,삼립)초계겨자샐러드129g(2편),미출력,즉석식,샐러드,즉석샐러드
152,8801068935622,삼립)클래식콥샐러드178g(2편),미출력,즉석식,샐러드,즉석샐러드
153,8801068938142,삼립)매콤치킨참치마요샐러드2편,미출력,즉석식,샐러드,즉석샐러드
154,8801068938159,삼립)바질큐브치킨마요샐러드2편,미출력,즉석식,샐러드,즉석샐러드
155,8801068938166,삼립)훈제목살에그마요샐러드2편,미출력,즉석식,샐러드,즉석샐러드
156,8801068939446,삼립)치아바타피크닉콤보_바질치킨2편,미출력,즉석식,샐러드,즉석샐러드
157,8801068939453,삼립)치아바타피크닉콤보_크랜베리치킨2편,미출력,즉석식,샐러드,즉석샐러드
158,8809148598552,빙그레)딸기요거샐러드,미출력,즉석식,샐러드,즉석샐러드
159,8809148598811,빙그레)곤약지단샐러드,미출력,즉석식,샐러드,즉석샐러드
160,8809148598828,빙그레)닭가슴살컵샐러드,미출력,즉석식,샐러드,즉석샐러드
161,8809287900681,라쿠치나)핫칠리치킨피자70g,미출력,즉석식,간편조리FF,간식/안주
162,8809287900698,라쿠치나)애플&고르곤졸라피자65g,미출력,즉석식,간편조리FF,간식/안주
163,8809287900704,라쿠치나)비프불고기피자80g,미출력,즉석식,간편조리FF,간식/안주
164,8809287900834,피자)갈릭바베큐대왕피자280g,미출력,즉석식,간편조리FF,간식/안주
165,8809287901046,라쿠치나)베이컨포테이토피자80g,미출력,즉석식,간편조리FF,간식/안주
166,8809409541020,미샛)교동치즈닭갈비전2편,미출력,즉석식,간편조리FF,간식/안주
167,8809409541037,미샛)교동깍두기전2편,미출력,즉석식,간편조리FF,간식/안주
168,8809409541044,미샛)교동오징어김치전2편,미출력,즉석식,간편조리FF,간식/안주
169,8809409541068,미샛)교동오징어해물파전,미출력,즉석식,간편조리FF,간식/안주
170,8809584590868,미샛)진짜라면전열라면맛160g,미출력,즉석식,간편조리FF,간식/안주
171,8809584590875,미샛)진짜라면전짜슐랭맛160g,미출력,즉석식,간편조리FF,간식/안주
172,8809584590882,미샛)교동오징어김치전2편(NEW),미출력,즉석식,간편조리FF,간식/안주
173,8809584590899,미샛)교동오징어해물파전,미출력,즉석식,간편조리FF,간식/안주
174,8809584591186,미샛)교동한돈등심김치전2편,미출력,즉석식,간편조리FF,간식/안주
175,8809584591193,미샛)교동오징어해물파전160g(2편),미출력,즉석식,간편조리FF,간식/안주
176,8809584591254,미샛)철판오징어김치전2편,미출력,즉석식,간편조리FF,간식/안주
177,8809584591261,미샛)철판오징어해물파전2편,미출력,즉석식,간편조리FF,간식/안주
178,8809584591377,미샛)오징어마늘김치전(2편),미출력,즉석식,간편조리FF,간식/안주
179,8809584591384,미샛)오징어마늘부추전(2편),미출력,즉석식,간편조리FF,간식/안주
180,8809631982479,현대)깐풍치킨2편,미출력,즉석식,간편조리FF,간식/안주
181,8809631986750,현대)달고나양념치킨2편,미출력,즉석식,간편조리FF,간식/안주
182,8809631986767,현대)달고나간장치킨2편,미출력,즉석식,간편조리FF,간식/안주
183,8809631986804,현대)훈제바베큐&두부김치2편,미출력,즉석식,간편조리FF,간식/안주
184,8809631986828,현대)훈제오리&부추볶음2편,미출력,즉석식,간편조리FF,간식/안주
185,8809631987696,현대)양념치킨이닭2편,미출력,즉석식,간편조리FF,간식/안주
186,8809631987986,현대)나마늘위한석쇠불고기쌈2편,미출력,즉석식,간편조리FF,간식/안주
187,8809631988891,현대)소콘소콘치즈그라탕,미출력,즉석식,간편조리FF,간식/안주
188,8809650790260,대정)튀김우동2편(종료),미출력,즉석식,간편조리FF,조리면
189,8809650790864,대정)매콤닭강정2편,미출력,즉석식,간편조리FF,간식/안주
190,8809650790888,대정)반반고구마닭강정2편,미출력,즉석식,간편조리FF,간식/안주
191,8809650791205,대정)더블소떡소떡2편,미출력,즉석식,간편조리FF,간식/안주
192,8809650791359,대정)컵고구마간장치킨2편,미출력,즉석식,간편조리FF,간식/안주
193,8809650791366,대정)컵고구마양념치킨2편,미출력,즉석식,간편조리FF,간식/안주
194,8809650791526,대정)내사랑김떡만2편,미출력,즉석식,간편조리FF,간식/안주
195,8809650792028,대정)돼지껍데기닭2편,미출력,즉석식,간편조리FF,간식/안주
196,8809650792035,대정)김치비빔국수,미출력,즉석식,간편조리FF,조리면
197,8809650792042,대정)김치비빔국수2편,미출력,즉석식,간편조리FF,조리면
198,8809650792424,대정)튀김우동,미출력,즉석식,간편조리FF,조리면
199,8809650792431,대정)튀김우동2편,미출력,즉석식,간편조리FF,조리면
200,8809650792509,대정)타코야끼2편,미출력,즉석식,간편조리FF,간식/안주
201,8809650792592,대정)더블갈떡2편,미출력,즉석식,간편조리FF,간식/안주
202,8809650792837,대정)봄잔치국수2편,미출력,즉석식,간편조리FF,조리면
203,8809650792981,대정)봄비빔국수2편,미출력,즉석식,간편조리FF,조리면
204,8809650793063,대정)뉴반반고구마닭강정2편,미출력,즉석식,간편조리FF,간식/안주
205,8809650793568,대정)김치비빔국수세트2편,미출력,즉석식,간편조리FF,조리면
206,8809650793780,대정)크림파스타&미트파스타2편,미출력,즉석식,간편조리FF,조리면
207,8809650793797,대정)토마토파스타&치킨까스2편,미출력,즉석식,간편조리FF,조리면
208,8809650793865,대정)소시지콘치즈그라탕2편,미출력,즉석식,간편조리FF,간식/안주
209,8809650793872,대정)치즈닭갈비볶음2편,미출력,즉석식,간편조리FF,간식/안주
210,8809650793988,대정)중화자장면세트2편,미출력,즉석식,간편조리FF,조리면
211,8809650793995,대정)중화짬뽕세트2편,미출력,즉석식,간편조리FF,조리면
212,8809650794077,대정)튀김우동세트2편,미출력,즉석식,간편조리FF,조리면
213,8809650794084,대정)닭칼국수세트2편,미출력,즉석식,간편조리FF,조리면
214,8809650794220,대정)떡만두국세트2편,미출력,즉석식,간편조리FF,조리면
215,880965079439,대정)돈까스&아라비아따 파스타2편(종료),미출력,즉석식,간편조리FF,조리면
216,8809650794398,대정)돈까스&아라비아따파스타2편,미출력,즉석식,간편조리FF,조리면
217,8809650794817,대정)쉬림프로제파스타2편,미출력,즉석식,간편조리FF,조리면
218,8809650794923,대정)비빔국수&얇은피만두2편,미출력,즉석식,간편조리FF,조리면
219,8809650795043,대정)두꺼비도반한5색모둠안주2편,미출력,즉석식,간편조리FF,간식/안주
220,8809650795050,대정)시원한여름안주냉채족발2편,미출력,즉석식,간편조리FF,간식/안주
221,8809650795067,대정)소시지나폴리탄파스타2편(종료),미출력,즉석식,간편조리FF,조리면
222,8809650795296,대정)매콤달콤바삭닭강정2편,미출력,즉석식,간편조리FF,간식/안주
223,8809650795593,대정)맵사분면매운맛좌표테스트2편,미출력,즉석식,간편조리FF,간식/안주
224,8809650795722,대정)베이컨머쉬룸크림파스타2편,미출력,즉석식,간편조리FF,조리면
225,8809650795937,대정)서울시스터즈_얼큰김치햄라면2편,미출력,즉석식,간편조리FF,조리면
226,8809650796026,대정)가메골떡만두국2편,미출력,즉석식,간편조리FF,조리면
227,8809650796170,대정)함박&볼로네제파스타2편,미출력,즉석식,간편조리FF,조리면
228,8809650796422,대정)미트볼&아라비아따파스타2편,미출력,즉석식,간편조리FF,조리면
229,8809650796507,대정)춘천식비빔막국수2편,미출력,즉석식,간편조리FF,조리면
230,8809650796613,대정)검은사리_오징어먹물파스타2편,미출력,즉석식,간편조리FF,조리면
231,8809650796637,대정)검은새치_블랙페퍼치킨새우강정2편,미출력,즉석식,간편조리FF,간식/안주
232,8809650796668,대정)김치말이국수2편,미출력,즉석식,간편조리FF,조리면
233,8809650797061,대정)낭만포차_간장불고기2편,미출력,즉석식,간편조리FF,간식/안주
234,8809650797078,대정)낭만포차_매콤제육볶음2편,미출력,즉석식,간편조리FF,간식/안주
235,8809650797153,대정)야끼우동&타코야끼2편,미출력,즉석식,간편조리FF,조리면
236,8809650797177,대정)왕교자그라탕2편,미출력,즉석식,간편조리FF,간식/안주
237,8809650797405,대정)치킨강정치즈프라이2편,미출력,즉석식,간편조리FF,간식/안주
238,8809650797511,대정)23점신_푸실리샐러드파스타2편,미출력,즉석식,간편조리FF,조리면
239,8809650797627,대정)함박포모도로파스타2편,미출력,즉석식,간편조리FF,조리면
240,8809650797726,대정)겨울별미잔치국수2편,미출력,즉석식,간편조리FF,조리면
241,8809650797771,대정)닭가슴살리코타샐러드2편,미출력,즉석식,샐러드,즉석샐러드
242,8809650797849,대정)치킨시저샐러드2편,미출력,즉석식,샐러드,즉석샐러드
243,8809650797856,대정)23점신_하트떡만둣국2편,미출력,즉석식,간편조리FF,조리면
244,8809650798136,대정)소시지나폴리탄빅파스타2편,미출력,즉석식,간편조리FF,조리면
245,8809650798228,대정)뉴반반고구마닭강정2편_속초식&갈비맛,미출력,즉석식,간편조리FF,간식/안주
246,8809650798259,대정)매콤달콤속초식닭강정2편,미출력,즉석식,간편조리FF,간식/안주
247,8809650798327,대정)쏘야볶음2편,미출력,즉석식,간편조리FF,간식/안주
248,8809650798525,대정)치킨텐더샐러드2편,미출력,즉석식,샐러드,즉석샐러드
249,8809650798556,대정)중화양장피2편,미출력,즉석식,간편조리FF,간식/안주
250,8809650798648,대정)두부김치제육볶음2편,미출력,즉석식,간편조리FF,간식/안주
251,8809650798693,대정)던파_속닭속닭갈비맛닭강정2편,미출력,즉석식,간편조리FF,간식/안주
252,8809650798709,대정)39볼로네제파스타2편,미출력,즉석식,간편조리FF,조리면
253,8809650798839,대정)42알리오올리오파스타2편,미출력,즉석식,간편조리FF,조리면
254,8809650798860,대정)밤까마귀길드_속초식닭강정2편,미출력,즉석식,간편조리FF,간식/안주
255,8809650798891,대정)한스_미트볼치즈파스타2편,미출력,즉석식,간편조리FF,조리면
256,8809650799812,대정)연유꽃빵&고추잡채2편,미출력,즉석식,간편조리FF,간식/안주
257,8809650799942,대정)새우튀김냉우동2편,미출력,즉석식,간편조리FF,조리면
258,8809679621200,스윗)고소한리코타치즈와시금치페스토샐러드2편,미출력,즉석식,샐러드,즉석샐러드
259,8809679621408,스윗)단호박리코타심플샐러드2편,미출력,즉석식,샐러드,즉석샐러드
260,8809679621422,스윗)시저닭가슴살심플샐러드2편,미출력,즉석식,샐러드,즉석샐러드
261,8809679621446,스윗)에그마요심플샐러드2편,미출력,즉석식,샐러드,즉석샐러드
262,8809679621460,스윗)훈제치킨심플샐러드2편,미출력,즉석식,샐러드,즉석샐러드
263,8809679624409,스윗)그릴드닭가슴살메밀면샐러드2편,미출력,즉석식,샐러드,즉석샐러드
264,8809679624416,스윗)분짜쌀국수샐러드2편,미출력,즉석식,샐러드,즉석샐러드
265,8809679624539,스윗)캔모아_요거트피치파인애플샐러드2편,미출력,즉석식,샐러드,즉석샐러드
266,8809679624553,스윗)트러플치즈샐러드180g,미출력,즉석식,샐러드,즉석샐러드
267,8809679625093,랩)멕시칸포크샐러드랩200g,미출력,즉석식,샐러드,즉석샐러드
268,8809679625109,랩)그릴드닭가슴살샐러드랩200g,미출력,즉석식,샐러드,즉석샐러드
269,8809679625604,스윗)구운단호박샐러드165g,미출력,즉석식,샐러드,즉석샐러드
270,8809679625703,스윗)닭가슴살샐러드165g,미출력,즉석식,샐러드,즉석샐러드
271,8809679625710,스윗)모짜렐라카프레제샐러드165g,미출력,즉석식,샐러드,즉석샐러드
272,8809679625772,스윗)콘에그듬뿍샐러드165g,미출력,즉석식,샐러드,즉석샐러드
273,8809679626137,스윗)케이준치킨너겟샐러드165g,미출력,즉석식,샐러드,즉석샐러드
274,8809679626144,스윗)리코타발사믹샐러드165g,미출력,즉석식,샐러드,즉석샐러드
275,8809679626151,스윗)멕시칸포크샐러드165g,미출력,즉석식,샐러드,즉석샐러드
276,8809679626168,랩)리코타크랜베리샐러드랩200g,미출력,즉석식,샐러드,즉석샐러드
277,8809679626175,랩)체다치즈치킨너겟샐러드랩200g,미출력,즉석식,샐러드,즉석샐러드
278,8809679626557,스윗)허니리코타딸기샐러드165g,미출력,즉석식,샐러드,즉석샐러드
279,8809679626649,스윗)귤&딸기모짜렐라샐러드,미출력,즉석식,샐러드,즉석샐러드
280,8809679626670,스윗)엔젤스노우딸기샐러드,미출력,즉석식,샐러드,즉석샐러드
281,8809679626694,스윗)치폴레참치샐러드165g,미출력,즉석식,샐러드,즉석샐러드
282,8809679627158,스윗)데일리야채&발사믹드레싱120g,미출력,즉석식,샐러드,즉석샐러드
283,8809679627219,스윗)데일리야채&허니머스터드120g,미출력,즉석식,샐러드,즉석샐러드
284,8809679627455,스윗)불고기귀리보리웜랩200g,미출력,즉석식,샐러드,즉석샐러드
285,8809679627462,스윗)치폴레치킨귀리웜랩190g,미출력,즉석식,샐러드,즉석샐러드
286,8809679627646,스윗)치킨너겟보틀샐러드200g,미출력,즉석식,샐러드,즉석샐러드
287,8809679627653,스윗)메밀면&달걀보틀샐러드200g,미출력,즉석식,샐러드,즉석샐러드
288,8809679627660,스윗)닭가슴살단호박보틀샐러드200g,미출력,즉석식,샐러드,즉석샐러드
289,8809679627677,스윗)살사푸실리보틀샐러드200g,미출력,즉석식,샐러드,즉석샐러드
290,8809679627936,랩)콘새우샐러드랩200g,미출력,즉석식,샐러드,즉석샐러드
291,8809679627943,랩)어니언불고기샐러드랩200g,미출력,즉석식,샐러드,즉석샐러드
292,8809679628513,스윗)쉬림프타코랩105g,미출력,즉석식,샐러드,즉석샐러드
293,8809679628520,스윗)풀드포크타코랩105g,미출력,즉석식,샐러드,즉석샐러드
294,8809679628537,스윗)닭가슴살타코랩105g,미출력,즉석식,샐러드,즉석샐러드
295,8809679628544,스윗)불고기타코랩105g,미출력,즉석식,샐러드,즉석샐러드
296,8809679628551,스윗)소시지타코랩105g,미출력,즉석식,샐러드,즉석샐러드
297,8809679629558,스윗)갈릭파스타치킨샐러드160g,미출력,즉석식,샐러드,즉석샐러드
298,8809679629565,스윗)토마토파스타치킨샐러드160g,미출력,즉석식,샐러드,즉석샐러드
299,8809722900641,송훈셰프)블랙페퍼돼지강정180g,미출력,즉석식,간편조리FF,간식/안주
300,8809722900658,송훈셰프)고추장돼지강정180g,미출력,즉석식,간편조리FF,간식/안주
301,8809722900801,송훈셰프)돼지불고기한상차림235g,미출력,즉석식,간편조리FF,간식/안주
302,8809722900818,송훈셰프)제육볶음한상차림235g,미출력,즉석식,간편조리FF,간식/안주
303,8809722901051,팡마니)함박스테이킹파스타380g,미출력,즉석식,간편조리FF,조리면
304,8809722901280,팡마니)티맵서울_마늘닭볶음탕2편,미출력,즉석식,간편조리FF,간식/안주
305,8809781515510,슈퍼키친)마파두부120g,미출력,즉석식,간편조리FF,간편조리
306,8809781515527,슈퍼키친)제육볶음100g,미출력,즉석식,간편조리FF,간편조리
307,8809781515534,슈퍼키친)해파리새우냉채100g,미출력,즉석식,간편조리FF,간편조리
308,8809781515541,슈퍼키친)오징어불고기100g,미출력,즉석식,간편조리FF,간편조리
309,8809781515558,슈퍼키친)비엔나소시지볶음100g,미출력,즉석식,간편조리FF,간편조리
310,8809781515565,슈퍼키친)잡채100g,미출력,즉석식,간편조리FF,간편조리
311,8809781515718,슈퍼키친)짜파게티대패삼겹살120g,미출력,즉석식,간편조리FF,간편조리
312,8809838030317,현대)일곱가지모둠전2편,미출력,즉석식,간편조리FF,간식/안주
313,8809838030447,현대)포테이토&소시지콘치즈그라탕,미출력,즉석식,간편조리FF,간식/안주
314,8809838033257,현대)중화요리2편,미출력,즉석식,간편조리FF,간식/안주
315,8809860731008,뚠뚠)배그_치킨이닭파스타,미출력,즉석식,간편조리FF,조리면
316,8809860731152,뚠뚠)한잔벌집껍데기&콩가루,미출력,즉석식,간편조리FF,간식/안주
317,8809860731169,뚠뚠)한잔계란두부&볶음김치,미출력,즉석식,간편조리FF,간식/안주
318,8809877690183,세아)닭가슴살구이샐러드2편,미출력,즉석식,샐러드,즉석샐러드
319,8809877690190,세아)치킨텐더샐러드2편,미출력,즉석식,샐러드,즉석샐러드
320,8809877690206,세아)풀드포크샐러드2편,미출력,즉석식,샐러드,즉석샐러드
321,8809877690213,세아)고구마두부샐러드2편,미출력,즉석식,샐러드,즉석샐러드
322,8809877690220,세아)청양간장닭강정2편,미출력,즉석식,간편조리FF,간식/안주
323,8809877690312,세아)양념치킨닭강정반할만하닭2편,미출력,즉석식,간편조리FF,간식/안주
324,8809877690329,세아)나마늘위한돼지갈비2편,미출력,즉석식,간편조리FF,간식/안주
325,8809877690336,세아)후라이드닭강정반할만하닭2편,미출력,즉석식,간편조리FF,간식/안주
326,8809877690367,세아)반반닭강정(치즈&청양마요)320g,미출력,즉석식,간편조리FF,간식/안주
327,8809877690381,세아)알감자버터구이200g,미출력,즉석식,간편조리FF,간식/안주
328,8809877690398,세아)순살치킨파티팩반할만하닭450g,미출력,즉석식,간편조리FF,간식/안주
329,8809877690404,은마)나마늘위한족발세트,미출력,즉석식,간편조리FF,간식/안주
330,8809877690480,세아)리얼어묵생우동330g,미출력,즉석식,간편조리FF,조리면
331,8809877690497,세아)리얼마라볶음우동350g,미출력,즉석식,간편조리FF,조리면
332,8809877690527,세아)반반닭강정(간장&매콤)320g,미출력,즉석식,간편조리FF,간식/안주
333,8809877690534,세아)치즈수제돈까스&감자튀김,미출력,즉석식,간편조리FF,간식/안주
334,8809877690633,세아)허니닭강정반할만하닭(2편),미출력,즉석식,간편조리FF,간식/안주
335,8809877690640,세아)나마늘위한매운맛갈비2편,미출력,즉석식,간편조리FF,간식/안주
336,8809877690671,세아)매콤오븐닭구이2편,미출력,즉석식,간편조리FF,간식/안주
337,8809877690688,세아)매콤닭강정2편,미출력,즉석식,간편조리FF,간식/안주
338,8809877690695,세아)달콤닭강정2편,미출력,즉석식,간편조리FF,간식/안주
339,8809877690701,세아)허니닭강정2편,미출력,즉석식,간편조리FF,간식/안주
340,8809877690718,세아)후라이드닭강정2편,미출력,즉석식,간편조리FF,간식/안주
341,8809877690725,세아)반반닭강정2편(매콤&달콤),미출력,즉석식,간편조리FF,간식/안주
342,8809877690787,세아)크레이지치즈_디핑매콤닭강정2편,미출력,즉석식,간편조리FF,간식/안주
343,8809877690794,세아)5G_더블스톤닭강정&치즈볼2편,미출력,즉석식,간편조리FF,간식/안주
344,8809900020260,팡마니)소떡소떡매콤달콤2편,미출력,즉석식,간편조리FF,간식/안주
345,8809900020277,팡마니)소떡소떡케첩&머스타드2편,미출력,즉석식,간편조리FF,간식/안주
346,8809900020284,팡마니)소떡소떡청양마요2편,미출력,즉석식,간편조리FF,간식/안주
347,8809962580061,대정)이북식냉김치말이국수2편,미출력,즉석식,간편조리FF,조리면
348,8809962580078,대정)속닭속닭갈비맛닭강정2편,미출력,즉석식,간편조리FF,간식/안주
349,8809962580306,대정)신병_절차대로비빔면(매콤참치)2편,미출력,즉석식,간편조리FF,조리면
350,8809962580399,대정)갈릭로제딸리아뗄레파스타2편,미출력,즉석식,간편조리FF,조리면
351,8809962580801,대정)마늘듬뿍알리오올리오파스타2편,미출력,즉석식,간편조리FF,조리면
352,8809962580887,이지쿡)매콤제육불고기171g,미출력,즉석식,간편조리FF,간편조리
353,8809962580894,이지쿡)속초식닭강정171g,미출력,즉석식,간편조리FF,간편조리
354,8809962580900,이지쿡)함박스테이크176g,미출력,즉석식,간편조리FF,간편조리
355,8809962580917,이지쿡)미트볼176g,미출력,즉석식,간편조리FF,간편조리
356,8809962580924,이지쿡)새우볶음밥171g,미출력,즉석식,간편조리FF,간편조리
357,8809962580931,이지쿡)투움바파스타206g,미출력,즉석식,간편조리FF,간편조리
358,8809962581020,이지쿡)라쿠치나_미트볼파스타206g,미출력,즉석식,간편조리FF,간편조리
359,8809962581037,이지쿡)라쿠치나_알리오올리오206g,미출력,즉석식,간편조리FF,간편조리
360,8809962581082,대정)닭가슴살&단호박샐러드2편,미출력,즉석식,샐러드,즉석샐러드
361,8809962581136,대정)실속한판두툼돼지불고기2편,미출력,즉석식,간편조리FF,간식/안주
362,8809962581143,대정)김치피자탕수육2편,미출력,즉석식,간편조리FF,간식/안주
363,8809962581198,대정)폭신폭신두부튀김2편,미출력,즉석식,간편조리FF,간식/안주
364,8809962581280,대정)드빌_떡만둣국2편,미출력,즉석식,간편조리FF,조리면
365,8809962581457,대정)딸기&리코타치즈샐러드2편,미출력,즉석식,샐러드,즉석샐러드
366,8809962581556,대정)베이비크랩_반반프라이2편,미출력,즉석식,간편조리FF,간식/안주
367,8809962581563,대정)샐러드파티팩2편,미출력,즉석식,샐러드,즉석샐러드
368,8809962581570,대정)예스24_돈까스&치즈토마토파스타2편,미출력,즉석식,간편조리FF,조리면
369,8809962581648,이지쿡)소시지야채볶음169g,미출력,즉석식,간편조리FF,간편조리
370,8809962581655,대정)온천집_우삼겹야키니꾸우동2편,미출력,즉석식,간편조리FF,조리면
371,8809962581723,이지쿡)베이컨토마토리조또209g,미출력,즉석식,간편조리FF,간편조리
372,8809962581914,대정)연참_마라닭갈비파스타2편,미출력,즉석식,간편조리FF,조리면
373,8809962581921,대정)김치피자만두2편,미출력,즉석식,간편조리FF,간식/안주
374,8809962582010,대정)야구장유니폼_안주플래터2편,미출력,즉석식,간편조리FF,간식/안주
375,8809962582065,이지쿡)CJ_치킨마요덮밥162g,미출력,즉석식,간편조리FF,간편조리
376,8809962582171,대정)CJ_가쓰오왕교자,미출력,즉석식,간편조리FF,간식/안주
377,8809962582287,대정)부대찌개우동2편,미출력,즉석식,간편조리FF,조리면
378,8809962582386,대정)함바그&크림파스타302g,미출력,즉석식,간편조리FF,조리면
379,8809962582539,대정)동치미열무국수,미출력,즉석식,간편조리FF,조리면
380,8809962582546,대정)큰길_열무비빔국수,미출력,즉석식,간편조리FF,조리면
381,8809962582652,레진)매콤달콤속초식닭강정2편,미출력,즉석식,간편조리FF,간식/안주
382,8809962582669,레진)뉴반반고구마닭강정2편_속초식&갈비맛,미출력,즉석식,간편조리FF,간식/안주
383,8809962582911,이지쿡)구운스팸마요덮밥143g,미출력,즉석식,간편조리FF,간편조리
384,8809962583062,이지쿡)전주비빔밥157g,미출력,즉석식,간편조리FF,간편조리
385,8809962583659,강철w)크림우동&양념치킨,미출력,즉석식,간편조리FF,조리면
386,8809962583666,대정)버팔로봉&치킨너겟세트,미출력,즉석식,간편조리FF,간식/안주
387,8809962583758,대정)불닭핫소스퀘사디아,미출력,즉석식,간편조리FF,간식/안주
388,8809962583901,대정)티맵청양_야끼짬뽕247g,미출력,즉석식,간편조리FF,조리면
389,8809962584205,대정)오징어먹물크림파스타(2편),미출력,즉석식,간편조리FF,조리면
390,8809962584335,이지쿡)흑백_고추장크림리조또,미출력,즉석식,간편조리FF,간편조리
391,8809962584465,대정)모마_떡만둣국&모듬전세트,미출력,즉석식,간편조리FF,조리면
392,8809962584533,대정)상상_2900짜장면2편,미출력,즉석식,간편조리FF,조리면
393,8809962584564,대정)최현석_단호박크림뇨끼(2편),미출력,즉석식,간편조리FF,조리면
394,8809962584922,대정)여경래_깐풍기&깐풍만두(2편),미출력,즉석식,간편조리FF,간식/안주
395,8809962585097,대정)미니크랩&닭강정(2편),미출력,즉석식,간편조리FF,간식/안주
396,8809962585141,대정)라강정(라면&닭강정)2편,미출력,즉석식,간편조리FF,간식/안주
397,8809962585219,대정)소불고기파스타샐러드2편,미출력,즉석식,샐러드,즉석샐러드
398,8809962585240,대정)닭가슴살파스타샐러드2편,미출력,즉석식,샐러드,즉석샐러드
399,8809962585288,대정)오스틴강_갓장아찌동치미국수(2편),미출력,즉석식,간편조리FF,조리면
400,8809962585318,대정)반반파스타(나폴리탄&크림)2편,미출력,즉석식,간편조리FF,조리면
401,8809962585349,대정)데리야끼숯불닭꼬치(2편),미출력,즉석식,간편조리FF,간식/안주
402,8809962585493,대정)하동_카프레제샐러드2편,미출력,즉석식,샐러드,즉석샐러드
403,8809962585509,인생내컵)에그포테이토&명란마요,미출력,즉석식,샐러드,즉석샐러드
404,8809962585516,인생내컵)단호박샐러드&에그베리,미출력,즉석식,샐러드,즉석샐러드
405,8809962585523,대정)반반고기안주(제육&불고기)2편,미출력,즉석식,간편조리FF,간식/안주
406,8809962585578,대정)두부포테이토샐러드(2편),미출력,즉석식,샐러드,즉석샐러드
407,8809962585585,대정)골빔면(골뱅이비빔면)2편,미출력,즉석식,간편조리FF,조리면
408,8809962585615,이지쿡)맥앤치즈마카로니,미출력,즉석식,간편조리FF,간편조리
409,8809962585622,이지쿡)옛날떡볶이185g,미출력,즉석식,간편조리FF,간편조리
410,8809962585646,맘마미아)그리스식그린샐러드(2편),미출력,즉석식,샐러드,즉석샐러드
411,8809962585653,대정)스테이씨_닭가슴살메밀면볼(2편),미출력,즉석식,샐러드,즉석샐러드
412,8809962585844,대정)과일탕수육&팔보채(2편),미출력,즉석식,간편조리FF,간식/안주
413,8809962585899,대정)봉골레수제비파스타2편,미출력,즉석식,간편조리FF,조리면
414,8809962585943,이지쿡)소떡소떡160g,미출력,즉석식,간편조리FF,간편조리
415,8809962585950,대정)썸머문_리본로제파스타2편,미출력,즉석식,간편조리FF,조리면
416,8809962586025,대정)참깨소불고기메밀면볼2편,미출력,즉석식,샐러드,즉석샐러드
417,8809962586094,대정)추석보름달한판2편,미출력,즉석식,간편조리FF,간식/안주
418,8809962586254,대정)모짜치즈과일샐러드2편,미출력,즉석식,샐러드,즉석샐러드
419,8809962586421,대정)소시지&아라비아따파스타2편,미출력,즉석식,간편조리FF,조리면
420,8809962586575,대정)삼색리본로제파스타2편,미출력,즉석식,간편조리FF,조리면
421,8809962586667,대정)떡갈비&크림파스타2편,미출력,즉석식,간편조리FF,조리면
422,8809962586766,대정)야끼소바&가라아게2편,미출력,즉석식,간편조리FF,조리면
423,8809962587053,대정)손종원_함박얹은나폴리탄스파게티2편,미출력,즉석식,간편조리FF,조리면
424,8809962587190,대정)타코스퀘어_치킨화이타2편,미출력,즉석식,간편조리FF,간식/안주
425,8809962587381,대정)말차_크림파스타2편,미출력,즉석식,간편조리FF,조리면
426,8809962587435,대정)버터치킨&표고탕수2편,미출력,즉석식,간편조리FF,간식/안주
427,8809962587459,대정)들기름막국수&참치마요김밥2편,미출력,즉석식,간편조리FF,조리면
428,8809962587626,대정)찍먹치킨버거플래터2편,미출력,즉석식,간편조리FF,간식/안주
429,8809962588210,대정)박효남_비스큐쉬림프파스타2편,미출력,즉석식,간편조리FF,조리면
